No,Schema,Table,Module,Column Name,Data Type,Nullable,Default,Key,Extra
1,soy_ypik,air_conditioner_details,Asset & Maintenance,asset_id,char(36),NO,,PK; FK -> assets.id,
2,soy_ypik,air_conditioner_details,Asset & Maintenance,brand,varchar(255),NO,,,
3,soy_ypik,air_conditioner_details,Asset & Maintenance,dimension,varchar(100),NO,,,
4,soy_ypik,air_conditioner_details,Asset & Maintenance,power_rating,varchar(100),NO,,,
5,soy_ypik,air_conditioner_details,Asset & Maintenance,created_at,timestamp,YES,NULL,,
6,soy_ypik,air_conditioner_details,Asset & Maintenance,updated_at,timestamp,YES,NULL,,
7,soy_ypik,announcement_logs,Announcement & Notification,id,bigint(20) UNSIGNED,NO,,PK,auto_increment
8,soy_ypik,announcement_logs,Announcement & Notification,announcement_id,bigint(20) UNSIGNED,NO,,IDX; FK -> announcements.id,
9,soy_ypik,announcement_logs,Announcement & Notification,channel,varchar(255),NO,,,
10,soy_ypik,announcement_logs,Announcement & Notification,target,varchar(255),NO,,,
11,soy_ypik,announcement_logs,Announcement & Notification,status,varchar(255),NO,,,
12,soy_ypik,announcement_logs,Announcement & Notification,response,text,YES,NULL,,
13,soy_ypik,announcement_logs,Announcement & Notification,track_token,varchar(255),YES,NULL,UK,
14,soy_ypik,announcement_logs,Announcement & Notification,opened_at,timestamp,YES,NULL,,
15,soy_ypik,announcement_logs,Announcement & Notification,open_count,int(10) UNSIGNED,NO,0,,
16,soy_ypik,announcement_logs,Announcement & Notification,sent_at,timestamp,YES,NULL,,
17,soy_ypik,announcement_logs,Announcement & Notification,created_at,timestamp,YES,NULL,,
18,soy_ypik,announcement_logs,Announcement & Notification,updated_at,timestamp,YES,NULL,,
19,soy_ypik,announcements,Announcement & Notification,id,bigint(20) UNSIGNED,NO,,PK,auto_increment
20,soy_ypik,announcements,Announcement & Notification,title,varchar(255),NO,,,
21,soy_ypik,announcements,Announcement & Notification,message,text,NO,,,
22,soy_ypik,announcements,Announcement & Notification,attachment_path,varchar(255),YES,NULL,,
23,soy_ypik,announcements,Announcement & Notification,created_by,char(36),NO,,IDX; FK -> users.id,
24,soy_ypik,announcements,Announcement & Notification,created_at,timestamp,YES,NULL,,
25,soy_ypik,announcements,Announcement & Notification,updated_at,timestamp,YES,NULL,,
26,soy_ypik,asset_import_batches,Asset & Maintenance,id,char(36),NO,,PK,
27,soy_ypik,asset_import_batches,Asset & Maintenance,category,"enum('AC','COMPUTER','OTHER')",NO,,IDX:asset_import_batches_category_source_type_index,
28,soy_ypik,asset_import_batches,Asset & Maintenance,source_type,"enum('excel','csv')",NO,,IDX:asset_import_batches_category_source_type_index,
29,soy_ypik,asset_import_batches,Asset & Maintenance,source_file_name,varchar(255),NO,,,
30,soy_ypik,asset_import_batches,Asset & Maintenance,processed_rows,int(10) UNSIGNED,NO,0,,
31,soy_ypik,asset_import_batches,Asset & Maintenance,imported_rows,int(10) UNSIGNED,NO,0,,
32,soy_ypik,asset_import_batches,Asset & Maintenance,sheet_count,int(10) UNSIGNED,NO,0,,
33,soy_ypik,asset_import_batches,Asset & Maintenance,sheet_names,json,YES,NULL,,
34,soy_ypik,asset_import_batches,Asset & Maintenance,metadata,json,YES,NULL,,
35,soy_ypik,asset_import_batches,Asset & Maintenance,imported_by,char(36),YES,NULL,IDX; FK -> users.id,
36,soy_ypik,asset_import_batches,Asset & Maintenance,created_at,timestamp,YES,NULL,IDX,
37,soy_ypik,asset_import_batches,Asset & Maintenance,updated_at,timestamp,YES,NULL,,
38,soy_ypik,assets,Asset & Maintenance,id,char(36),NO,,PK,
39,soy_ypik,assets,Asset & Maintenance,category,"enum('AC','OTHER','COMPUTER')",NO,,,
40,soy_ypik,assets,Asset & Maintenance,account_code,varchar(255),NO,,UK,
41,soy_ypik,assets,Asset & Maintenance,serial_number,varchar(255),YES,NULL,UK,
42,soy_ypik,assets,Asset & Maintenance,location,varchar(255),NO,,,
43,soy_ypik,assets,Asset & Maintenance,purchase_year,varchar(255),YES,NULL,,
44,soy_ypik,assets,Asset & Maintenance,purchase_price,"decimal(18,2)",YES,NULL,IDX,
45,soy_ypik,assets,Asset & Maintenance,qr_code_path,varchar(255),YES,NULL,,
46,soy_ypik,assets,Asset & Maintenance,last_import_file_name,varchar(255),YES,NULL,IDX,
47,soy_ypik,assets,Asset & Maintenance,last_imported_at,timestamp,YES,NULL,IDX,
48,soy_ypik,assets,Asset & Maintenance,created_at,timestamp,YES,NULL,,
49,soy_ypik,assets,Asset & Maintenance,updated_at,timestamp,YES,NULL,,
50,soy_ypik,assets,Asset & Maintenance,unit,"enum('TK','SD','Yayasan')",YES,NULL,,
51,soy_ypik,audit_logs,Audit,id,bigint(20) UNSIGNED,NO,,PK,auto_increment
52,soy_ypik,audit_logs,Audit,user_id,char(36),NO,,IDX; FK -> users.id,
53,soy_ypik,audit_logs,Audit,action,varchar(255),NO,,,
54,soy_ypik,audit_logs,Audit,entity,varchar(255),NO,,,
55,soy_ypik,audit_logs,Audit,entity_id,bigint(20) UNSIGNED,NO,,,
56,soy_ypik,audit_logs,Audit,payload,longtext,YES,NULL,,
57,soy_ypik,audit_logs,Audit,created_at,timestamp,YES,NULL,,
58,soy_ypik,audit_logs,Audit,updated_at,timestamp,YES,NULL,,
59,soy_ypik,billings,Billing & Tunggakan,id,bigint(20) UNSIGNED,NO,,PK,auto_increment
60,soy_ypik,billings,Billing & Tunggakan,parent_id,bigint(20) UNSIGNED,NO,,IDX; FK -> parent_users.id,
61,soy_ypik,billings,Billing & Tunggakan,amount,"decimal(12,2)",NO,,,
62,soy_ypik,billings,Billing & Tunggakan,due_date,date,NO,,,
63,soy_ypik,billings,Billing & Tunggakan,status,"enum('PENDING','PAID','EXPIRED')",NO,'PENDING',,
64,soy_ypik,billings,Billing & Tunggakan,created_at,timestamp,YES,NULL,,
65,soy_ypik,billings,Billing & Tunggakan,updated_at,timestamp,YES,NULL,,
66,soy_ypik,blast_employee_ypik_recipients,Blast & Recipient,id,char(36),NO,,PK,
67,soy_ypik,blast_employee_ypik_recipients,Blast & Recipient,nama_karyawan,varchar(255),NO,,,
68,soy_ypik,blast_employee_ypik_recipients,Blast & Recipient,instansi,varchar(255),YES,NULL,IDX,
69,soy_ypik,blast_employee_ypik_recipients,Blast & Recipient,nama_wali,varchar(255),YES,NULL,,
70,soy_ypik,blast_employee_ypik_recipients,Blast & Recipient,wa_karyawan,varchar(255),YES,NULL,IDX,
71,soy_ypik,blast_employee_ypik_recipients,Blast & Recipient,email_karyawan,varchar(255),YES,NULL,IDX,
72,soy_ypik,blast_employee_ypik_recipients,Blast & Recipient,catatan,text,YES,NULL,,
73,soy_ypik,blast_employee_ypik_recipients,Blast & Recipient,source,varchar(255),YES,NULL,,
74,soy_ypik,blast_employee_ypik_recipients,Blast & Recipient,dataset,varchar(40),NO,'pam_jaya',IDX,
75,soy_ypik,blast_employee_ypik_recipients,Blast & Recipient,is_valid,tinyint(1),NO,0,IDX,
76,soy_ypik,blast_employee_ypik_recipients,Blast & Recipient,validation_error,text,YES,NULL,,
77,soy_ypik,blast_employee_ypik_recipients,Blast & Recipient,created_at,timestamp,YES,NULL,,
78,soy_ypik,blast_employee_ypik_recipients,Blast & Recipient,updated_at,timestamp,YES,NULL,,
79,soy_ypik,blast_logs,Blast & Recipient,id,bigint(20) UNSIGNED,NO,,PK,auto_increment
80,soy_ypik,blast_logs,Blast & Recipient,blast_message_id,char(36),NO,,IDX; FK -> blast_messages.id,
81,soy_ypik,blast_logs,Blast & Recipient,blast_target_id,bigint(20) UNSIGNED,NO,,IDX; FK -> blast_targets.id,
82,soy_ypik,blast_logs,Blast & Recipient,device_id,varchar(64),YES,NULL,,
83,soy_ypik,blast_logs,Blast & Recipient,status,"enum('PENDING','SENT','FAILED')",NO,,,
84,soy_ypik,blast_logs,Blast & Recipient,response,text,YES,NULL,,
85,soy_ypik,blast_logs,Blast & Recipient,attempt,tinyint(3) UNSIGNED,NO,0,,
86,soy_ypik,blast_logs,Blast & Recipient,sent_at,timestamp,YES,NULL,,
87,soy_ypik,blast_logs,Blast & Recipient,created_at,timestamp,YES,NULL,,
88,soy_ypik,blast_logs,Blast & Recipient,updated_at,timestamp,YES,NULL,,
89,soy_ypik,blast_logs,Blast & Recipient,message_snapshot,longtext,YES,NULL,,
90,soy_ypik,blast_logs,Blast & Recipient,error_message,text,YES,NULL,,
91,soy_ypik,blast_message_templates,Blast & Recipient,id,char(36),NO,,PK,
92,soy_ypik,blast_message_templates,Blast & Recipient,name,varchar(255),NO,,,
93,soy_ypik,blast_message_templates,Blast & Recipient,channel,"enum('email','whatsapp')",NO,,,
94,soy_ypik,blast_message_templates,Blast & Recipient,content,text,NO,,,
95,soy_ypik,blast_message_templates,Blast & Recipient,is_active,tinyint(1),NO,1,,
96,soy_ypik,blast_message_templates,Blast & Recipient,created_by,char(36),YES,NULL,,
97,soy_ypik,blast_message_templates,Blast & Recipient,created_at,timestamp,YES,NULL,,
98,soy_ypik,blast_message_templates,Blast & Recipient,updated_at,timestamp,YES,NULL,,
99,soy_ypik,blast_messages,Blast & Recipient,id,char(36),NO,,PK,
100,soy_ypik,blast_messages,Blast & Recipient,channel,"enum('EMAIL','WHATSAPP')",NO,,,
101,soy_ypik,blast_messages,Blast & Recipient,subject,varchar(255),YES,NULL,,
102,soy_ypik,blast_messages,Blast & Recipient,message,text,NO,,,
103,soy_ypik,blast_messages,Blast & Recipient,meta,longtext,YES,NULL,,
104,soy_ypik,blast_messages,Blast & Recipient,campaign_status,varchar(255),NO,'QUEUED',IDX,
105,soy_ypik,blast_messages,Blast & Recipient,priority,varchar(255),NO,'normal',,
106,soy_ypik,blast_messages,Blast & Recipient,scheduled_at,timestamp,YES,NULL,IDX,
107,soy_ypik,blast_messages,Blast & Recipient,started_at,timestamp,YES,NULL,,
108,soy_ypik,blast_messages,Blast & Recipient,paused_at,timestamp,YES,NULL,,
109,soy_ypik,blast_messages,Blast & Recipient,completed_at,timestamp,YES,NULL,,
110,soy_ypik,blast_messages,Blast & Recipient,attachment_path,varchar(255),YES,NULL,,
111,soy_ypik,blast_messages,Blast & Recipient,created_by,char(36),NO,,IDX; FK -> users.id,
112,soy_ypik,blast_messages,Blast & Recipient,created_at,timestamp,YES,NULL,,
113,soy_ypik,blast_messages,Blast & Recipient,updated_at,timestamp,YES,NULL,,
114,soy_ypik,blast_recipients,Blast & Recipient,id,char(36),NO,,PK,
115,soy_ypik,blast_recipients,Blast & Recipient,nama_siswa,varchar(255),NO,,,
116,soy_ypik,blast_recipients,Blast & Recipient,kelas,varchar(255),NO,,,
117,soy_ypik,blast_recipients,Blast & Recipient,nama_wali,varchar(255),NO,,,
118,soy_ypik,blast_recipients,Blast & Recipient,wa_wali,varchar(255),YES,NULL,IDX,
119,soy_ypik,blast_recipients,Blast & Recipient,wa_wali_2,varchar(255),YES,NULL,IDX,
120,soy_ypik,blast_recipients,Blast & Recipient,email_wali,varchar(255),YES,NULL,IDX,
121,soy_ypik,blast_recipients,Blast & Recipient,catatan,text,YES,NULL,,
122,soy_ypik,blast_recipients,Blast & Recipient,is_valid,tinyint(1),NO,0,IDX,
123,soy_ypik,blast_recipients,Blast & Recipient,validation_error,text,YES,NULL,,
124,soy_ypik,blast_recipients,Blast & Recipient,created_at,timestamp,YES,NULL,,
125,soy_ypik,blast_recipients,Blast & Recipient,updated_at,timestamp,YES,NULL,,
126,soy_ypik,blast_targets,Blast & Recipient,id,bigint(20) UNSIGNED,NO,,PK,auto_increment
127,soy_ypik,blast_targets,Blast & Recipient,blast_message_id,char(36),NO,,IDX; FK -> blast_messages.id,
128,soy_ypik,blast_targets,Blast & Recipient,target,varchar(255),NO,,,
129,soy_ypik,blast_targets,Blast & Recipient,created_at,timestamp,YES,NULL,,
130,soy_ypik,blast_targets,Blast & Recipient,updated_at,timestamp,YES,NULL,,
131,soy_ypik,blast_templates,Blast & Recipient,id,char(36),NO,,PK,
132,soy_ypik,blast_templates,Blast & Recipient,name,varchar(255),NO,,,
133,soy_ypik,blast_templates,Blast & Recipient,channel,"enum('EMAIL','WHATSAPP')",NO,,,
134,soy_ypik,blast_templates,Blast & Recipient,subject,varchar(255),YES,NULL,,
135,soy_ypik,blast_templates,Blast & Recipient,body,text,NO,,,
136,soy_ypik,blast_templates,Blast & Recipient,is_active,tinyint(1),NO,1,,
137,soy_ypik,blast_templates,Blast & Recipient,created_by,char(36),NO,,,
138,soy_ypik,blast_templates,Blast & Recipient,created_at,timestamp,YES,NULL,,
139,soy_ypik,blast_templates,Blast & Recipient,updated_at,timestamp,YES,NULL,,
140,soy_ypik,computer_components,Asset & Maintenance,asset_id,char(36),NO,,IDX; FK -> assets.id,
141,soy_ypik,computer_components,Asset & Maintenance,component_type,"enum('Monitor','Motherboard','Processor','RAM','Storage','GPU','Keyboard / Mouse')",NO,,,
142,soy_ypik,computer_components,Asset & Maintenance,brand,varchar(255),YES,NULL,,
143,soy_ypik,computer_components,Asset & Maintenance,specification,varchar(255),YES,NULL,,
144,soy_ypik,computer_components,Asset & Maintenance,serial_number,varchar(255),YES,NULL,,
145,soy_ypik,computer_components,Asset & Maintenance,created_at,timestamp,YES,NULL,,
146,soy_ypik,computer_components,Asset & Maintenance,updated_at,timestamp,YES,NULL,,
147,soy_ypik,discussion_channels,Discussion,id,bigint(20) UNSIGNED,NO,,PK,auto_increment
148,soy_ypik,discussion_channels,Discussion,name,varchar(255),NO,,UK,
149,soy_ypik,discussion_channels,Discussion,description,varchar(255),YES,NULL,,
150,soy_ypik,discussion_channels,Discussion,is_active,tinyint(1),NO,1,,
151,soy_ypik,discussion_channels,Discussion,created_at,timestamp,YES,NULL,,
152,soy_ypik,discussion_channels,Discussion,updated_at,timestamp,YES,NULL,,
153,soy_ypik,discussion_messages,Discussion,id,bigint(20) UNSIGNED,NO,,PK; IDX:discussion_messages_channel_id_id_index,auto_increment
154,soy_ypik,discussion_messages,Discussion,channel_id,bigint(20) UNSIGNED,NO,,IDX:discussion_messages_channel_id_id_index; IDX:discussion_messages_channel_id_created_at_index; IDX:discussion_msg_channel_reply_index; FK -> discussion_channels.id,
155,soy_ypik,discussion_messages,Discussion,user_id,char(36),YES,NULL,IDX; FK -> users.id,
156,soy_ypik,discussion_messages,Discussion,message,text,YES,NULL,,
157,soy_ypik,discussion_messages,Discussion,reply_to_message_id,bigint(20) UNSIGNED,YES,NULL,IDX; IDX:discussion_msg_channel_reply_index; FK -> discussion_messages.id,
158,soy_ypik,discussion_messages,Discussion,attachment_path,varchar(255),YES,NULL,,
159,soy_ypik,discussion_messages,Discussion,attachment_name,varchar(255),YES,NULL,,
160,soy_ypik,discussion_messages,Discussion,attachment_size,bigint(20) UNSIGNED,YES,NULL,,
161,soy_ypik,discussion_messages,Discussion,voice_note_path,varchar(255),YES,NULL,,
162,soy_ypik,discussion_messages,Discussion,voice_note_name,varchar(255),YES,NULL,,
163,soy_ypik,discussion_messages,Discussion,voice_note_size,bigint(20) UNSIGNED,YES,NULL,,
164,soy_ypik,discussion_messages,Discussion,pinned_at,timestamp,YES,NULL,IDX,
165,soy_ypik,discussion_messages,Discussion,pin_expires_at,timestamp,YES,NULL,IDX,
166,soy_ypik,discussion_messages,Discussion,pinned_by,char(36),YES,NULL,IDX; FK -> users.id,
167,soy_ypik,discussion_messages,Discussion,created_at,timestamp,YES,NULL,IDX:discussion_messages_channel_id_created_at_index,
168,soy_ypik,discussion_messages,Discussion,updated_at,timestamp,YES,NULL,,
169,soy_ypik,failed_jobs,Framework,id,bigint(20) UNSIGNED,NO,,PK,auto_increment
170,soy_ypik,failed_jobs,Framework,uuid,varchar(255),NO,,UK,
171,soy_ypik,failed_jobs,Framework,connection,text,NO,,,
172,soy_ypik,failed_jobs,Framework,queue,text,NO,,,
173,soy_ypik,failed_jobs,Framework,payload,longtext,NO,,,
174,soy_ypik,failed_jobs,Framework,exception,longtext,NO,,,
175,soy_ypik,failed_jobs,Framework,failed_at,timestamp,NO,current_timestamp(),,
176,soy_ypik,finance_account_logs,Finance,id,bigint(20) UNSIGNED,NO,,PK,auto_increment
177,soy_ypik,finance_account_logs,Finance,finance_account_id,char(36),YES,NULL,IDX; FK -> finance_accounts.id,
178,soy_ypik,finance_account_logs,Finance,action,varchar(32),NO,,,
179,soy_ypik,finance_account_logs,Finance,before_data,longtext,YES,NULL,,
180,soy_ypik,finance_account_logs,Finance,after_data,longtext,YES,NULL,,
181,soy_ypik,finance_account_logs,Finance,actor_id,char(36),YES,NULL,IDX; FK -> users.id,
182,soy_ypik,finance_account_logs,Finance,created_at,timestamp,YES,NULL,IDX,
183,soy_ypik,finance_account_logs,Finance,updated_at,timestamp,YES,NULL,,
184,soy_ypik,finance_accounts,Finance,id,char(36),NO,,PK,
185,soy_ypik,finance_accounts,Finance,code,varchar(64),NO,,UK; IDX:finance_accounts_class_no_code_index,
186,soy_ypik,finance_accounts,Finance,name,varchar(255),NO,,,
187,soy_ypik,finance_accounts,Finance,type,varchar(64),NO,,IDX,
188,soy_ypik,finance_accounts,Finance,class_no,tinyint(3) UNSIGNED,NO,,IDX:finance_accounts_class_no_code_index,
189,soy_ypik,finance_accounts,Finance,is_active,tinyint(1),NO,1,IDX,
190,soy_ypik,finance_accounts,Finance,created_by,char(36),YES,NULL,IDX; FK -> users.id,
191,soy_ypik,finance_accounts,Finance,updated_by,char(36),YES,NULL,IDX; FK -> users.id,
192,soy_ypik,finance_accounts,Finance,meta,longtext,YES,NULL,,
193,soy_ypik,finance_accounts,Finance,created_at,timestamp,YES,NULL,,
194,soy_ypik,finance_accounts,Finance,updated_at,timestamp,YES,NULL,,
195,soy_ypik,finance_asset_policies,Finance,id,char(36),NO,,PK,
196,soy_ypik,finance_asset_policies,Finance,asset_id,char(36),NO,,UK:finance_asset_policies_unique_revision; IDX; FK -> assets.id,
197,soy_ypik,finance_asset_policies,Finance,revision_no,int(10) UNSIGNED,NO,,UK:finance_asset_policies_unique_revision,
198,soy_ypik,finance_asset_policies,Finance,method,enum('STRAIGHT_LINE'),NO,'STRAIGHT_LINE',,
199,soy_ypik,finance_asset_policies,Finance,acquisition_cost,"decimal(18,2)",NO,,,
200,soy_ypik,finance_asset_policies,Finance,residual_value,"decimal(18,2)",NO,0.00,,
201,soy_ypik,finance_asset_policies,Finance,useful_life_months,smallint(5) UNSIGNED,NO,,,
202,soy_ypik,finance_asset_policies,Finance,depreciation_start_date,date,NO,,,
203,soy_ypik,finance_asset_policies,Finance,effective_period_id,char(36),YES,NULL,IDX; FK -> finance_periods.id,
204,soy_ypik,finance_asset_policies,Finance,notes,text,YES,NULL,,
205,soy_ypik,finance_asset_policies,Finance,created_by,char(36),YES,NULL,IDX; FK -> users.id,
206,soy_ypik,finance_asset_policies,Finance,created_at,timestamp,NO,current_timestamp(),,
207,soy_ypik,finance_depreciation_calculation_logs,Finance,id,bigint(20) UNSIGNED,NO,,PK,auto_increment
208,soy_ypik,finance_depreciation_calculation_logs,Finance,asset_id,char(36),NO,,IDX:finance_depr_calc_logs_asset_period_index; FK -> assets.id,
209,soy_ypik,finance_depreciation_calculation_logs,Finance,period_start_date,date,YES,NULL,,
210,soy_ypik,finance_depreciation_calculation_logs,Finance,period_end_date,date,YES,NULL,,
211,soy_ypik,finance_depreciation_calculation_logs,Finance,period_month,tinyint(3) UNSIGNED,NO,,IDX:finance_depr_calc_logs_asset_period_index,
212,soy_ypik,finance_depreciation_calculation_logs,Finance,period_year,smallint(5) UNSIGNED,NO,,IDX:finance_depr_calc_logs_asset_period_index,
213,soy_ypik,finance_depreciation_calculation_logs,Finance,acquisition_cost,"decimal(18,2)",NO,,,
214,soy_ypik,finance_depreciation_calculation_logs,Finance,useful_life_months,int(10) UNSIGNED,NO,,,
215,soy_ypik,finance_depreciation_calculation_logs,Finance,depreciation_per_month,"decimal(18,2)",NO,,,
216,soy_ypik,finance_depreciation_calculation_logs,Finance,calculated_by,char(36),YES,NULL,IDX; FK -> users.id,
217,soy_ypik,finance_depreciation_calculation_logs,Finance,calculated_at,timestamp,NO,current_timestamp(),IDX,
218,soy_ypik,finance_depreciation_calculation_logs,Finance,created_at,timestamp,YES,NULL,,
219,soy_ypik,finance_depreciation_calculation_logs,Finance,updated_at,timestamp,YES,NULL,,
220,soy_ypik,finance_depreciation_histories,Finance,id,char(36),NO,,PK,
221,soy_ypik,finance_depreciation_histories,Finance,depreciation_run_id,char(36),NO,,UK:finance_depr_histories_unique_asset_per_run; FK -> finance_depreciation_runs.id,
222,soy_ypik,finance_depreciation_histories,Finance,period_id,char(36),NO,,IDX:finance_depreciation_histories_period_id_asset_id_index; FK -> finance_periods.id,
223,soy_ypik,finance_depreciation_histories,Finance,asset_id,char(36),NO,,UK:finance_depr_histories_unique_asset_per_run; IDX; IDX:finance_depreciation_histories_period_id_asset_id_index; FK -> assets.id,
224,soy_ypik,finance_depreciation_histories,Finance,policy_id,char(36),NO,,IDX; FK -> finance_asset_policies.id,
225,soy_ypik,finance_depreciation_histories,Finance,method,enum('STRAIGHT_LINE'),NO,'STRAIGHT_LINE',,
226,soy_ypik,finance_depreciation_histories,Finance,acquisition_cost_snapshot,"decimal(18,2)",NO,,,
227,soy_ypik,finance_depreciation_histories,Finance,residual_value_snapshot,"decimal(18,2)",NO,0.00,,
228,soy_ypik,finance_depreciation_histories,Finance,useful_life_months_snapshot,smallint(5) UNSIGNED,NO,,,
229,soy_ypik,finance_depreciation_histories,Finance,sequence_month,int(10) UNSIGNED,NO,,,
230,soy_ypik,finance_depreciation_histories,Finance,accumulated_before,"decimal(18,2)",NO,0.00,,
231,soy_ypik,finance_depreciation_histories,Finance,depreciation_amount,"decimal(18,2)",NO,,,
232,soy_ypik,finance_depreciation_histories,Finance,accumulated_after,"decimal(18,2)",NO,,,
233,soy_ypik,finance_depreciation_histories,Finance,book_value_end,"decimal(18,2)",NO,,,
234,soy_ypik,finance_depreciation_histories,Finance,created_at,timestamp,NO,current_timestamp(),,
235,soy_ypik,finance_depreciation_runs,Finance,id,char(36),NO,,PK,
236,soy_ypik,finance_depreciation_runs,Finance,period_id,char(36),NO,,UK:finance_depreciation_runs_unique_run; FK -> finance_periods.id,
237,soy_ypik,finance_depreciation_runs,Finance,run_no,int(10) UNSIGNED,NO,,UK:finance_depreciation_runs_unique_run,
238,soy_ypik,finance_depreciation_runs,Finance,status,"enum('DRAFT','POSTED','VOID')",NO,'DRAFT',IDX,
239,soy_ypik,finance_depreciation_runs,Finance,assets_count,int(10) UNSIGNED,NO,0,,
240,soy_ypik,finance_depreciation_runs,Finance,total_depreciation,"decimal(18,2)",NO,0.00,,
241,soy_ypik,finance_depreciation_runs,Finance,generated_by,char(36),YES,NULL,IDX; FK -> users.id,
242,soy_ypik,finance_depreciation_runs,Finance,generated_at,timestamp,NO,current_timestamp(),IDX,
243,soy_ypik,finance_depreciation_runs,Finance,notes,text,YES,NULL,,
244,soy_ypik,finance_depreciation_runs,Finance,created_at,timestamp,YES,NULL,,
245,soy_ypik,finance_depreciation_runs,Finance,updated_at,timestamp,YES,NULL,,
246,soy_ypik,finance_general_ledger_batches,Finance,id,char(36),NO,,PK,
247,soy_ypik,finance_general_ledger_batches,Finance,source_type,"enum('IMPORT','MANUAL')",NO,'IMPORT',IDX,
248,soy_ypik,finance_general_ledger_batches,Finance,batch_name,varchar(255),NO,,,
249,soy_ypik,finance_general_ledger_batches,Finance,source_filename,varchar(255),YES,NULL,,
250,soy_ypik,finance_general_ledger_batches,Finance,sheet_name,varchar(120),YES,NULL,,
251,soy_ypik,finance_general_ledger_batches,Finance,imported_year,smallint(5) UNSIGNED,YES,NULL,IDX,
252,soy_ypik,finance_general_ledger_batches,Finance,notes,text,YES,NULL,,
253,soy_ypik,finance_general_ledger_batches,Finance,meta,longtext,YES,NULL,,
254,soy_ypik,finance_general_ledger_batches,Finance,imported_at,timestamp,YES,NULL,IDX,
255,soy_ypik,finance_general_ledger_batches,Finance,created_by,char(36),YES,NULL,IDX; FK -> users.id,
256,soy_ypik,finance_general_ledger_batches,Finance,updated_by,char(36),YES,NULL,IDX; FK -> users.id,
257,soy_ypik,finance_general_ledger_batches,Finance,created_at,timestamp,YES,NULL,,
258,soy_ypik,finance_general_ledger_batches,Finance,updated_at,timestamp,YES,NULL,,
259,soy_ypik,finance_general_ledger_entries,Finance,id,char(36),NO,,PK,
260,soy_ypik,finance_general_ledger_entries,Finance,batch_id,char(36),NO,,IDX:finance_general_ledger_entries_batch_id_account_code_index; IDX:finance_general_ledger_entries_batch_id_entry_date_index; IDX:finance_general_ledger_entries_batch_id_row_type_index; IDX:finance_general_ledger_entries_batch_id_is_manual_index; IDX:finance_gl_entries_account_order_idx; FK -> finance_general_ledger_batches.id,
261,soy_ypik,finance_general_ledger_entries,Finance,row_type,"enum('OPENING','ENTRY')",NO,'ENTRY',IDX:finance_general_ledger_entries_batch_id_row_type_index,
262,soy_ypik,finance_general_ledger_entries,Finance,entry_date,date,YES,NULL,IDX:finance_general_ledger_entries_batch_id_entry_date_index; IDX:finance_gl_entries_account_order_idx,
263,soy_ypik,finance_general_ledger_entries,Finance,account_code,varchar(64),NO,,IDX:finance_general_ledger_entries_batch_id_account_code_index; IDX:finance_gl_entries_account_order_idx,
264,soy_ypik,finance_general_ledger_entries,Finance,account_name,varchar(255),NO,,,
265,soy_ypik,finance_general_ledger_entries,Finance,transaction_no,varchar(120),YES,NULL,,
266,soy_ypik,finance_general_ledger_entries,Finance,communication,varchar(255),YES,NULL,,
267,soy_ypik,finance_general_ledger_entries,Finance,partner_name,varchar(255),YES,NULL,,
268,soy_ypik,finance_general_ledger_entries,Finance,currency,varchar(20),YES,NULL,,
269,soy_ypik,finance_general_ledger_entries,Finance,label,varchar(255),YES,NULL,,
270,soy_ypik,finance_general_ledger_entries,Finance,reference,varchar(255),YES,NULL,,
271,soy_ypik,finance_general_ledger_entries,Finance,analytic_distribution,varchar(255),YES,NULL,,
272,soy_ypik,finance_general_ledger_entries,Finance,opening_balance,"decimal(18,2)",NO,0.00,,
273,soy_ypik,finance_general_ledger_entries,Finance,debit,"decimal(18,2)",NO,0.00,,
274,soy_ypik,finance_general_ledger_entries,Finance,credit,"decimal(18,2)",NO,0.00,,
275,soy_ypik,finance_general_ledger_entries,Finance,balance_amount,"decimal(18,2)",NO,0.00,,
276,soy_ypik,finance_general_ledger_entries,Finance,sort_order,int(10) UNSIGNED,NO,0,IDX:finance_gl_entries_account_order_idx,
277,soy_ypik,finance_general_ledger_entries,Finance,sheet_row_number,int(10) UNSIGNED,YES,NULL,,
278,soy_ypik,finance_general_ledger_entries,Finance,is_manual,tinyint(1),NO,0,IDX:finance_general_ledger_entries_batch_id_is_manual_index,
279,soy_ypik,finance_general_ledger_entries,Finance,meta,longtext,YES,NULL,,
280,soy_ypik,finance_general_ledger_entries,Finance,created_by,char(36),YES,NULL,IDX; FK -> users.id,
281,soy_ypik,finance_general_ledger_entries,Finance,updated_by,char(36),YES,NULL,IDX; FK -> users.id,
282,soy_ypik,finance_general_ledger_entries,Finance,created_at,timestamp,YES,NULL,,
283,soy_ypik,finance_general_ledger_entries,Finance,updated_at,timestamp,YES,NULL,,
284,soy_ypik,finance_invoice_items,Finance,id,bigint(20) UNSIGNED,NO,,PK,auto_increment
285,soy_ypik,finance_invoice_items,Finance,invoice_id,char(36),NO,,IDX:finance_invoice_items_invoice_id_sort_order_index; FK -> finance_invoices.id,
286,soy_ypik,finance_invoice_items,Finance,asset_category,varchar(120),YES,NULL,,
287,soy_ypik,finance_invoice_items,Finance,account_code,varchar(64),NO,,IDX,
288,soy_ypik,finance_invoice_items,Finance,partner_name,varchar(255),YES,NULL,,
289,soy_ypik,finance_invoice_items,Finance,label,varchar(255),NO,,,
290,soy_ypik,finance_invoice_items,Finance,analytic_distribution,varchar(255),YES,NULL,,
291,soy_ypik,finance_invoice_items,Finance,debit,"decimal(18,2)",NO,0.00,,
292,soy_ypik,finance_invoice_items,Finance,credit,"decimal(18,2)",NO,0.00,,
293,soy_ypik,finance_invoice_items,Finance,sort_order,int(10) UNSIGNED,NO,0,IDX:finance_invoice_items_invoice_id_sort_order_index,
294,soy_ypik,finance_invoice_items,Finance,meta,longtext,YES,NULL,,
295,soy_ypik,finance_invoice_items,Finance,created_at,timestamp,YES,NULL,,
296,soy_ypik,finance_invoice_items,Finance,updated_at,timestamp,YES,NULL,,
297,soy_ypik,finance_invoice_notes,Finance,id,bigint(20) UNSIGNED,NO,,PK,auto_increment
298,soy_ypik,finance_invoice_notes,Finance,invoice_id,char(36),NO,,IDX:finance_invoice_notes_invoice_id_created_at_index; FK -> finance_invoices.id,
299,soy_ypik,finance_invoice_notes,Finance,user_id,char(36),YES,NULL,IDX; FK -> users.id,
300,soy_ypik,finance_invoice_notes,Finance,note,text,NO,,,
301,soy_ypik,finance_invoice_notes,Finance,created_at,timestamp,YES,NULL,IDX:finance_invoice_notes_invoice_id_created_at_index,
302,soy_ypik,finance_invoice_notes,Finance,updated_at,timestamp,YES,NULL,,
303,soy_ypik,finance_invoices,Finance,id,char(36),NO,,PK,
304,soy_ypik,finance_invoices,Finance,invoice_no,varchar(64),NO,,UK,
305,soy_ypik,finance_invoices,Finance,accounting_date,date,NO,,IDX,
306,soy_ypik,finance_invoices,Finance,entry_type,"enum('INCOME','EXPENSE')",NO,,IDX,
307,soy_ypik,finance_invoices,Finance,journal_name,varchar(255),NO,,,
308,soy_ypik,finance_invoices,Finance,reference,varchar(255),YES,NULL,,
309,soy_ypik,finance_invoices,Finance,status,"enum('DRAFT','POSTED','CANCELLED')",NO,'DRAFT',IDX,
310,soy_ypik,finance_invoices,Finance,total_debit,"decimal(18,2)",NO,0.00,,
311,soy_ypik,finance_invoices,Finance,total_credit,"decimal(18,2)",NO,0.00,,
312,soy_ypik,finance_invoices,Finance,created_by,char(36),YES,NULL,IDX; FK -> users.id,
313,soy_ypik,finance_invoices,Finance,updated_by,char(36),YES,NULL,IDX; FK -> users.id,
314,soy_ypik,finance_invoices,Finance,posted_by,char(36),YES,NULL,IDX; FK -> users.id,
315,soy_ypik,finance_invoices,Finance,posted_at,timestamp,YES,NULL,,
316,soy_ypik,finance_invoices,Finance,meta,longtext,YES,NULL,,
317,soy_ypik,finance_invoices,Finance,created_at,timestamp,YES,NULL,,
318,soy_ypik,finance_invoices,Finance,updated_at,timestamp,YES,NULL,,
319,soy_ypik,finance_journal_entries,Finance,id,char(36),NO,,PK,
320,soy_ypik,finance_journal_entries,Finance,period_id,char(36),NO,,IDX:finance_journal_entries_period_id_entry_type_index; FK -> finance_periods.id,
321,soy_ypik,finance_journal_entries,Finance,entry_type,"enum('INCOME','EXPENSE')",NO,,UK:finance_journal_entries_unique_source; IDX:finance_journal_entries_period_id_entry_type_index,
322,soy_ypik,finance_journal_entries,Finance,source_table,varchar(64),NO,,UK:finance_journal_entries_unique_source,
323,soy_ypik,finance_journal_entries,Finance,source_id,varchar(64),NO,,UK:finance_journal_entries_unique_source,
324,soy_ypik,finance_journal_entries,Finance,source_date,date,NO,,IDX,
325,soy_ypik,finance_journal_entries,Finance,amount,"decimal(18,2)",NO,,,
326,soy_ypik,finance_journal_entries,Finance,status,"enum('FINAL','VOID')",NO,'FINAL',IDX,
327,soy_ypik,finance_journal_entries,Finance,meta,longtext,YES,NULL,,
328,soy_ypik,finance_journal_entries,Finance,created_at,timestamp,YES,NULL,,
329,soy_ypik,finance_journal_entries,Finance,updated_at,timestamp,YES,NULL,,
330,soy_ypik,finance_periods,Finance,id,char(36),NO,,PK,
331,soy_ypik,finance_periods,Finance,period_type,"enum('DAILY','MONTHLY','YEARLY')",NO,,UK:finance_periods_unique_period,
332,soy_ypik,finance_periods,Finance,year,smallint(5) UNSIGNED,NO,,UK:finance_periods_unique_period; IDX:finance_periods_year_month_index; IDX:finance_periods_idx_year_month_day,
333,soy_ypik,finance_periods,Finance,month,tinyint(3) UNSIGNED,NO,0,UK:finance_periods_unique_period; IDX:finance_periods_year_month_index; IDX:finance_periods_idx_year_month_day,
334,soy_ypik,finance_periods,Finance,day,tinyint(3) UNSIGNED,NO,0,UK:finance_periods_unique_period; IDX:finance_periods_idx_year_month_day,
335,soy_ypik,finance_periods,Finance,start_date,date,NO,,,
336,soy_ypik,finance_periods,Finance,end_date,date,NO,,,
337,soy_ypik,finance_periods,Finance,opening_balance,"decimal(18,2)",NO,0.00,,
338,soy_ypik,finance_periods,Finance,closing_balance,"decimal(18,2)",NO,0.00,,
339,soy_ypik,finance_periods,Finance,status,"enum('OPEN','CLOSED','LOCKED')",NO,'OPEN',IDX,
340,soy_ypik,finance_periods,Finance,locked_by,char(36),YES,NULL,IDX; FK -> users.id,
341,soy_ypik,finance_periods,Finance,locked_at,timestamp,YES,NULL,,
342,soy_ypik,finance_periods,Finance,created_at,timestamp,YES,NULL,,
343,soy_ypik,finance_periods,Finance,updated_at,timestamp,YES,NULL,,
344,soy_ypik,finance_reconciliation_snapshots,Finance,id,char(36),NO,,PK,
345,soy_ypik,finance_reconciliation_snapshots,Finance,period_id,char(36),NO,,UK:finance_recon_snapshots_unique_period_run; FK -> finance_periods.id,
346,soy_ypik,finance_reconciliation_snapshots,Finance,depreciation_run_id,char(36),NO,,UK:finance_recon_snapshots_unique_period_run; IDX; FK -> finance_depreciation_runs.id,
347,soy_ypik,finance_reconciliation_snapshots,Finance,income_total,"decimal(18,2)",NO,0.00,,
348,soy_ypik,finance_reconciliation_snapshots,Finance,expense_total,"decimal(18,2)",NO,0.00,,
349,soy_ypik,finance_reconciliation_snapshots,Finance,depreciation_total,"decimal(18,2)",NO,0.00,,
350,soy_ypik,finance_reconciliation_snapshots,Finance,net_result,"decimal(18,2)",NO,0.00,,
351,soy_ypik,finance_reconciliation_snapshots,Finance,generated_by,char(36),YES,NULL,IDX; FK -> users.id,
352,soy_ypik,finance_reconciliation_snapshots,Finance,generated_at,timestamp,NO,current_timestamp(),IDX,
353,soy_ypik,finance_reconciliation_snapshots,Finance,notes,text,YES,NULL,,
354,soy_ypik,finance_reconciliation_snapshots,Finance,created_at,timestamp,YES,NULL,,
355,soy_ypik,finance_reconciliation_snapshots,Finance,updated_at,timestamp,YES,NULL,,
356,soy_ypik,finance_report_review_logs,Finance,id,char(36),NO,,PK,
357,soy_ypik,finance_report_review_logs,Finance,report_snapshot_id,char(36),NO,,IDX:finance_report_review_logs_idx; FK -> finance_report_snapshots.id,
358,soy_ypik,finance_report_review_logs,Finance,reviewed_by,char(36),YES,NULL,IDX; FK -> users.id,
359,soy_ypik,finance_report_review_logs,Finance,reviewed_at,timestamp,NO,current_timestamp(),IDX:finance_report_review_logs_idx,
360,soy_ypik,finance_report_review_logs,Finance,note,text,YES,NULL,,
361,soy_ypik,finance_report_review_logs,Finance,created_at,timestamp,YES,NULL,,
362,soy_ypik,finance_report_review_logs,Finance,updated_at,timestamp,YES,NULL,,
363,soy_ypik,finance_report_snapshot_items,Finance,id,bigint(20) UNSIGNED,NO,,PK,auto_increment
364,soy_ypik,finance_report_snapshot_items,Finance,report_snapshot_id,char(36),NO,,UK:finance_report_snapshot_items_unique_line; IDX:finance_report_snapshot_items_idx_sort; FK -> finance_report_snapshots.id,
365,soy_ypik,finance_report_snapshot_items,Finance,line_code,varchar(64),NO,,UK:finance_report_snapshot_items_unique_line,
366,soy_ypik,finance_report_snapshot_items,Finance,line_label,varchar(255),NO,,,
367,soy_ypik,finance_report_snapshot_items,Finance,amount,"decimal(18,2)",NO,,,
368,soy_ypik,finance_report_snapshot_items,Finance,sort_order,int(10) UNSIGNED,NO,0,IDX:finance_report_snapshot_items_idx_sort,
369,soy_ypik,finance_report_snapshot_items,Finance,meta,longtext,YES,NULL,,
370,soy_ypik,finance_report_snapshot_items,Finance,created_at,timestamp,YES,NULL,,
371,soy_ypik,finance_report_snapshot_items,Finance,updated_at,timestamp,YES,NULL,,
372,soy_ypik,finance_report_snapshots,Finance,id,char(36),NO,,PK,
373,soy_ypik,finance_report_snapshots,Finance,period_id,char(36),NO,,UK:finance_report_snapshots_unique_version; IDX; IDX:finance_report_snapshots_report_type_period_id_index; FK -> finance_periods.id,
374,soy_ypik,finance_report_snapshots,Finance,report_type,"enum('DAILY','MONTHLY','YEARLY')",NO,,UK:finance_report_snapshots_unique_version; IDX:finance_report_snapshots_report_type_period_id_index,
375,soy_ypik,finance_report_snapshots,Finance,version_no,int(10) UNSIGNED,NO,,UK:finance_report_snapshots_unique_version,
376,soy_ypik,finance_report_snapshots,Finance,reconciliation_snapshot_id,char(36),NO,,IDX; FK -> finance_reconciliation_snapshots.id,
377,soy_ypik,finance_report_snapshots,Finance,summary,longtext,NO,,,
378,soy_ypik,finance_report_snapshots,Finance,generated_by,char(36),YES,NULL,IDX; FK -> users.id,
379,soy_ypik,finance_report_snapshots,Finance,generated_at,timestamp,NO,current_timestamp(),,
380,soy_ypik,finance_report_snapshots,Finance,is_read_only,tinyint(1),NO,1,IDX,
381,soy_ypik,finance_report_snapshots,Finance,created_at,timestamp,YES,NULL,,
382,soy_ypik,finance_report_snapshots,Finance,updated_at,timestamp,YES,NULL,,
383,soy_ypik,finance_statement_batches,Finance,id,char(36),NO,,PK,
384,soy_ypik,finance_statement_batches,Finance,statement_type,"enum('BALANCE_SHEET','PROFIT_LOSS')",NO,,IDX,
385,soy_ypik,finance_statement_batches,Finance,source_type,"enum('IMPORT','MANUAL')",NO,'IMPORT',IDX,
386,soy_ypik,finance_statement_batches,Finance,batch_name,varchar(255),NO,,,
387,soy_ypik,finance_statement_batches,Finance,source_filename,varchar(255),YES,NULL,,
388,soy_ypik,finance_statement_batches,Finance,sheet_name,varchar(120),YES,NULL,,
389,soy_ypik,finance_statement_batches,Finance,imported_year,smallint(5) UNSIGNED,YES,NULL,IDX,
390,soy_ypik,finance_statement_batches,Finance,notes,text,YES,NULL,,
391,soy_ypik,finance_statement_batches,Finance,meta,longtext,YES,NULL,,
392,soy_ypik,finance_statement_batches,Finance,imported_at,timestamp,YES,NULL,IDX,
393,soy_ypik,finance_statement_batches,Finance,created_by,char(36),YES,NULL,IDX; FK -> users.id,
394,soy_ypik,finance_statement_batches,Finance,updated_by,char(36),YES,NULL,IDX; FK -> users.id,
395,soy_ypik,finance_statement_batches,Finance,created_at,timestamp,YES,NULL,,
396,soy_ypik,finance_statement_batches,Finance,updated_at,timestamp,YES,NULL,,
397,soy_ypik,finance_statement_rows,Finance,id,char(36),NO,,PK,
398,soy_ypik,finance_statement_rows,Finance,batch_id,char(36),NO,,IDX:finance_statement_rows_batch_id_section_key_index; IDX:finance_statement_rows_batch_id_account_code_index; IDX:finance_statement_rows_batch_id_is_manual_index; IDX:finance_statement_rows_batch_id_sort_order_index; FK -> finance_statement_batches.id,
399,soy_ypik,finance_statement_rows,Finance,section_key,varchar(60),YES,NULL,IDX:finance_statement_rows_batch_id_section_key_index,
400,soy_ypik,finance_statement_rows,Finance,section_label,varchar(120),YES,NULL,,
401,soy_ypik,finance_statement_rows,Finance,group_label,varchar(255),YES,NULL,,
402,soy_ypik,finance_statement_rows,Finance,account_code,varchar(64),YES,NULL,IDX:finance_statement_rows_batch_id_account_code_index,
403,soy_ypik,finance_statement_rows,Finance,account_name,varchar(255),NO,,,
404,soy_ypik,finance_statement_rows,Finance,finance_type,varchar(60),YES,NULL,,
405,soy_ypik,finance_statement_rows,Finance,amount,"decimal(18,2)",NO,0.00,,
406,soy_ypik,finance_statement_rows,Finance,sort_order,int(10) UNSIGNED,NO,0,IDX:finance_statement_rows_batch_id_sort_order_index,
407,soy_ypik,finance_statement_rows,Finance,sheet_row_number,int(10) UNSIGNED,YES,NULL,,
408,soy_ypik,finance_statement_rows,Finance,is_manual,tinyint(1),NO,0,IDX:finance_statement_rows_batch_id_is_manual_index,
409,soy_ypik,finance_statement_rows,Finance,meta,longtext,YES,NULL,,
410,soy_ypik,finance_statement_rows,Finance,created_by,char(36),YES,NULL,IDX; FK -> users.id,
411,soy_ypik,finance_statement_rows,Finance,updated_by,char(36),YES,NULL,IDX; FK -> users.id,
412,soy_ypik,finance_statement_rows,Finance,created_at,timestamp,YES,NULL,,
413,soy_ypik,finance_statement_rows,Finance,updated_at,timestamp,YES,NULL,,
414,soy_ypik,jobs,Framework,id,bigint(20) UNSIGNED,NO,,PK,auto_increment
415,soy_ypik,jobs,Framework,queue,varchar(255),NO,,IDX,
416,soy_ypik,jobs,Framework,payload,longtext,NO,,,
417,soy_ypik,jobs,Framework,attempts,tinyint(3) UNSIGNED,NO,,,
418,soy_ypik,jobs,Framework,reserved_at,int(10) UNSIGNED,YES,NULL,,
419,soy_ypik,jobs,Framework,available_at,int(10) UNSIGNED,NO,,,
420,soy_ypik,jobs,Framework,created_at,int(10) UNSIGNED,NO,,,
421,soy_ypik,login_histories,Auth & User,id,bigint(20) UNSIGNED,NO,,PK,auto_increment
422,soy_ypik,login_histories,Auth & User,user_id,char(36),NO,,IDX; FK -> users.id,
423,soy_ypik,login_histories,Auth & User,ip_address,varchar(45),YES,NULL,,
424,soy_ypik,login_histories,Auth & User,user_agent,text,YES,NULL,,
425,soy_ypik,login_histories,Auth & User,session_id,varchar(255),YES,NULL,,
426,soy_ypik,login_histories,Auth & User,locale,varchar(5),YES,NULL,,
427,soy_ypik,login_histories,Auth & User,logged_in_at,timestamp,YES,NULL,,
428,soy_ypik,login_histories,Auth & User,created_at,timestamp,YES,NULL,,
429,soy_ypik,login_histories,Auth & User,updated_at,timestamp,YES,NULL,,
430,soy_ypik,maintenance_documentations,Asset & Maintenance,id,char(36),NO,,PK,
431,soy_ypik,maintenance_documentations,Asset & Maintenance,maintenance_log_id,char(36),NO,,IDX; FK -> maintenance_logs.id,
432,soy_ypik,maintenance_documentations,Asset & Maintenance,document_path,varchar(255),NO,,,
433,soy_ypik,maintenance_documentations,Asset & Maintenance,created_at,timestamp,YES,NULL,,
434,soy_ypik,maintenance_documentations,Asset & Maintenance,updated_at,timestamp,YES,NULL,,
435,soy_ypik,maintenance_logs,Asset & Maintenance,id,char(36),NO,,PK,
436,soy_ypik,maintenance_logs,Asset & Maintenance,asset_id,char(36),NO,,IDX; FK -> assets.id,
437,soy_ypik,maintenance_logs,Asset & Maintenance,worker_name,varchar(255),NO,,,
438,soy_ypik,maintenance_logs,Asset & Maintenance,date,date,NO,,,
439,soy_ypik,maintenance_logs,Asset & Maintenance,issue_description,text,NO,,,
440,soy_ypik,maintenance_logs,Asset & Maintenance,working_description,text,NO,,,
441,soy_ypik,maintenance_logs,Asset & Maintenance,pic,varchar(255),NO,,,
442,soy_ypik,maintenance_logs,Asset & Maintenance,cost,"decimal(15,2)",NO,0.00,,
443,soy_ypik,maintenance_logs,Asset & Maintenance,status,"enum('Pending','Approved','Rejected')",NO,'Pending',,
444,soy_ypik,maintenance_logs,Asset & Maintenance,created_at,timestamp,YES,NULL,,
445,soy_ypik,maintenance_logs,Asset & Maintenance,updated_at,timestamp,YES,NULL,,
446,soy_ypik,maintenance_notification_recipients,Asset & Maintenance,id,char(36),NO,,PK,
447,soy_ypik,maintenance_notification_recipients,Asset & Maintenance,name,varchar(120),YES,NULL,,
448,soy_ypik,maintenance_notification_recipients,Asset & Maintenance,email,varchar(255),NO,,UK,
449,soy_ypik,maintenance_notification_recipients,Asset & Maintenance,created_by,char(36),YES,NULL,FK -> users.id,
450,soy_ypik,maintenance_notification_recipients,Asset & Maintenance,created_at,timestamp,YES,NULL,IDX,
451,soy_ypik,maintenance_notification_recipients,Asset & Maintenance,updated_at,timestamp,YES,NULL,,
452,soy_ypik,message_attachments,Announcement & Notification,id,bigint(20) UNSIGNED,NO,,PK,auto_increment
453,soy_ypik,message_attachments,Announcement & Notification,attachable_type,varchar(255),YES,NULL,IDX:message_attachments_attachable_type_attachable_id_index,
454,soy_ypik,message_attachments,Announcement & Notification,attachable_id,bigint(20) UNSIGNED,YES,NULL,IDX:message_attachments_attachable_type_attachable_id_index,
455,soy_ypik,message_attachments,Announcement & Notification,file_path,varchar(255),NO,,,
456,soy_ypik,message_attachments,Announcement & Notification,original_name,varchar(255),NO,,,
457,soy_ypik,message_attachments,Announcement & Notification,mime_type,varchar(255),NO,,,
458,soy_ypik,message_attachments,Announcement & Notification,size,bigint(20) UNSIGNED,NO,,,
459,soy_ypik,message_attachments,Announcement & Notification,created_at,timestamp,YES,NULL,,
460,soy_ypik,message_attachments,Announcement & Notification,updated_at,timestamp,YES,NULL,,
461,soy_ypik,migrations,Framework,id,int(10) UNSIGNED,NO,,PK,auto_increment
462,soy_ypik,migrations,Framework,migration,varchar(255),NO,,,
463,soy_ypik,migrations,Framework,batch,int(11),NO,,,
464,soy_ypik,parent_users,Parent,id,bigint(20) UNSIGNED,NO,,PK,auto_increment
465,soy_ypik,parent_users,Parent,name,varchar(255),NO,,,
466,soy_ypik,parent_users,Parent,email,varchar(255),NO,,UK,
467,soy_ypik,parent_users,Parent,phone,varchar(255),NO,,UK,
468,soy_ypik,parent_users,Parent,address,varchar(255),YES,NULL,,
469,soy_ypik,parent_users,Parent,created_at,timestamp,YES,NULL,,
470,soy_ypik,parent_users,Parent,updated_at,timestamp,YES,NULL,,
471,soy_ypik,password_reset_tokens,Auth & User,email,varchar(255),NO,,PK,
472,soy_ypik,password_reset_tokens,Auth & User,token,varchar(255),NO,,,
473,soy_ypik,password_reset_tokens,Auth & User,created_at,timestamp,YES,NULL,,
474,soy_ypik,payments,Billing & Tunggakan,id,bigint(20) UNSIGNED,NO,,PK,auto_increment
475,soy_ypik,payments,Billing & Tunggakan,billing_id,bigint(20) UNSIGNED,NO,,IDX; FK -> billings.id,
476,soy_ypik,payments,Billing & Tunggakan,method,enum('MANUAL_TRANSFER'),NO,,,
477,soy_ypik,payments,Billing & Tunggakan,status,"enum('PENDING','CONFIRMED','REJECTED')",NO,'PENDING',,
478,soy_ypik,payments,Billing & Tunggakan,proof_path,varchar(255),YES,NULL,,
479,soy_ypik,payments,Billing & Tunggakan,confirmed_by,char(36),YES,NULL,IDX; FK -> users.id,
480,soy_ypik,payments,Billing & Tunggakan,confirmed_at,timestamp,YES,NULL,,
481,soy_ypik,payments,Billing & Tunggakan,created_at,timestamp,YES,NULL,,
482,soy_ypik,payments,Billing & Tunggakan,updated_at,timestamp,YES,NULL,,
483,soy_ypik,personal_access_tokens,Auth & User,id,bigint(20) UNSIGNED,NO,,PK,auto_increment
484,soy_ypik,personal_access_tokens,Auth & User,tokenable_type,varchar(255),NO,,IDX:personal_access_tokens_tokenable_type_tokenable_id_index,
485,soy_ypik,personal_access_tokens,Auth & User,tokenable_id,bigint(20) UNSIGNED,NO,,IDX:personal_access_tokens_tokenable_type_tokenable_id_index,
486,soy_ypik,personal_access_tokens,Auth & User,name,varchar(255),NO,,,
487,soy_ypik,personal_access_tokens,Auth & User,token,varchar(64),NO,,UK,
488,soy_ypik,personal_access_tokens,Auth & User,abilities,text,YES,NULL,,
489,soy_ypik,personal_access_tokens,Auth & User,last_used_at,timestamp,YES,NULL,,
490,soy_ypik,personal_access_tokens,Auth & User,expires_at,timestamp,YES,NULL,,
491,soy_ypik,personal_access_tokens,Auth & User,created_at,timestamp,YES,NULL,,
492,soy_ypik,personal_access_tokens,Auth & User,updated_at,timestamp,YES,NULL,,
493,soy_ypik,recipent_data_koperasi_tirta_jatik_utama,Blast & Recipient,id,char(36),NO,,PK,
494,soy_ypik,recipent_data_koperasi_tirta_jatik_utama,Blast & Recipient,nama_karyawan,varchar(255),NO,,,
495,soy_ypik,recipent_data_koperasi_tirta_jatik_utama,Blast & Recipient,instansi,varchar(255),YES,NULL,IDX,
496,soy_ypik,recipent_data_koperasi_tirta_jatik_utama,Blast & Recipient,nama_wali,varchar(255),YES,NULL,,
497,soy_ypik,recipent_data_koperasi_tirta_jatik_utama,Blast & Recipient,wa_karyawan,varchar(255),YES,NULL,IDX,
498,soy_ypik,recipent_data_koperasi_tirta_jatik_utama,Blast & Recipient,email_karyawan,varchar(255),YES,NULL,IDX,
499,soy_ypik,recipent_data_koperasi_tirta_jatik_utama,Blast & Recipient,catatan,text,YES,NULL,,
500,soy_ypik,recipent_data_koperasi_tirta_jatik_utama,Blast & Recipient,source,varchar(255),YES,NULL,,
501,soy_ypik,recipent_data_koperasi_tirta_jatik_utama,Blast & Recipient,is_valid,tinyint(1),NO,0,IDX,
502,soy_ypik,recipent_data_koperasi_tirta_jatik_utama,Blast & Recipient,validation_error,text,YES,NULL,,
503,soy_ypik,recipent_data_koperasi_tirta_jatik_utama,Blast & Recipient,created_at,timestamp,YES,NULL,,
504,soy_ypik,recipent_data_koperasi_tirta_jatik_utama,Blast & Recipient,updated_at,timestamp,YES,NULL,,
505,soy_ypik,reminders,Announcement & Notification,id,bigint(20) UNSIGNED,NO,,PK,auto_increment
506,soy_ypik,reminders,Announcement & Notification,title,varchar(255),NO,,,
507,soy_ypik,reminders,Announcement & Notification,description,text,YES,NULL,,
508,soy_ypik,reminders,Announcement & Notification,remind_at,datetime,NO,,IDX:reminders_is_active_remind_at_index,
509,soy_ypik,reminders,Announcement & Notification,alert_before_minutes,int(10) UNSIGNED,NO,30,,
510,soy_ypik,reminders,Announcement & Notification,type,"enum('GENERAL','ANNOUNCEMENT')",NO,'GENERAL',IDX,
511,soy_ypik,reminders,Announcement & Notification,announcement_id,bigint(20) UNSIGNED,YES,NULL,IDX; FK -> announcements.id,
512,soy_ypik,reminders,Announcement & Notification,is_active,tinyint(1),NO,1,IDX:reminders_is_active_remind_at_index,
513,soy_ypik,reminders,Announcement & Notification,created_by,char(36),NO,,IDX; FK -> users.id,
514,soy_ypik,reminders,Announcement & Notification,deactivated_at,timestamp,YES,NULL,,
515,soy_ypik,reminders,Announcement & Notification,deactivated_by,char(36),YES,NULL,IDX; FK -> users.id,
516,soy_ypik,reminders,Announcement & Notification,created_at,timestamp,YES,NULL,,
517,soy_ypik,reminders,Announcement & Notification,updated_at,timestamp,YES,NULL,,
518,soy_ypik,tunggakan_blast_logs,Billing & Tunggakan,id,char(36),NO,,PK,
519,soy_ypik,tunggakan_blast_logs,Billing & Tunggakan,blast_message_id,char(36),YES,NULL,IDX; FK -> blast_messages.id,
520,soy_ypik,tunggakan_blast_logs,Billing & Tunggakan,triggered_by,char(36),YES,NULL,IDX; FK -> users.id,
521,soy_ypik,tunggakan_blast_logs,Billing & Tunggakan,total_candidate_records,int(10) UNSIGNED,NO,0,,
522,soy_ypik,tunggakan_blast_logs,Billing & Tunggakan,total_candidate_groups,int(10) UNSIGNED,NO,0,,
523,soy_ypik,tunggakan_blast_logs,Billing & Tunggakan,total_processed_groups,int(10) UNSIGNED,NO,0,,
524,soy_ypik,tunggakan_blast_logs,Billing & Tunggakan,total_sent_groups,int(10) UNSIGNED,NO,0,,
525,soy_ypik,tunggakan_blast_logs,Billing & Tunggakan,total_failed_groups,int(10) UNSIGNED,NO,0,,
526,soy_ypik,tunggakan_blast_logs,Billing & Tunggakan,total_skipped_groups,int(10) UNSIGNED,NO,0,,
527,soy_ypik,tunggakan_blast_logs,Billing & Tunggakan,total_targets,int(10) UNSIGNED,NO,0,,
528,soy_ypik,tunggakan_blast_logs,Billing & Tunggakan,total_sent_targets,int(10) UNSIGNED,NO,0,,
529,soy_ypik,tunggakan_blast_logs,Billing & Tunggakan,total_failed_targets,int(10) UNSIGNED,NO,0,,
530,soy_ypik,tunggakan_blast_logs,Billing & Tunggakan,total_queued_targets,int(10) UNSIGNED,NO,0,,
531,soy_ypik,tunggakan_blast_logs,Billing & Tunggakan,details,longtext,YES,NULL,,
532,soy_ypik,tunggakan_blast_logs,Billing & Tunggakan,created_at,timestamp,YES,NULL,IDX,
533,soy_ypik,tunggakan_blast_logs,Billing & Tunggakan,updated_at,timestamp,YES,NULL,,
534,soy_ypik,tunggakan_import_batches,Billing & Tunggakan,id,char(36),NO,,PK,
535,soy_ypik,tunggakan_import_batches,Billing & Tunggakan,source_type,"enum('excel','manual','database')",NO,,IDX,
536,soy_ypik,tunggakan_import_batches,Billing & Tunggakan,source_reference,varchar(255),YES,NULL,,
537,soy_ypik,tunggakan_import_batches,Billing & Tunggakan,notes,text,YES,NULL,,
538,soy_ypik,tunggakan_import_batches,Billing & Tunggakan,imported_by,char(36),YES,NULL,IDX; FK -> users.id,
539,soy_ypik,tunggakan_import_batches,Billing & Tunggakan,total_rows,int(10) UNSIGNED,NO,0,,
540,soy_ypik,tunggakan_import_batches,Billing & Tunggakan,matched_rows,int(10) UNSIGNED,NO,0,,
541,soy_ypik,tunggakan_import_batches,Billing & Tunggakan,unmatched_rows,int(10) UNSIGNED,NO,0,,
542,soy_ypik,tunggakan_import_batches,Billing & Tunggakan,created_at,timestamp,YES,NULL,IDX,
543,soy_ypik,tunggakan_import_batches,Billing & Tunggakan,updated_at,timestamp,YES,NULL,,
544,soy_ypik,tunggakan_records,Billing & Tunggakan,id,char(36),NO,,PK,
545,soy_ypik,tunggakan_records,Billing & Tunggakan,batch_id,char(36),YES,NULL,IDX; FK -> tunggakan_import_batches.id,
546,soy_ypik,tunggakan_records,Billing & Tunggakan,no_urut,int(10) UNSIGNED,YES,NULL,,
547,soy_ypik,tunggakan_records,Billing & Tunggakan,kelas,varchar(255),YES,NULL,IDX:tunggakan_records_nama_murid_kelas_index,
548,soy_ypik,tunggakan_records,Billing & Tunggakan,nama_murid,varchar(255),NO,,IDX:tunggakan_records_nama_murid_kelas_index,
549,soy_ypik,tunggakan_records,Billing & Tunggakan,no_telepon,varchar(255),YES,NULL,IDX,
550,soy_ypik,tunggakan_records,Billing & Tunggakan,bulan,varchar(255),NO,,,
551,soy_ypik,tunggakan_records,Billing & Tunggakan,nilai,"decimal(15,2)",NO,0.00,,
552,soy_ypik,tunggakan_records,Billing & Tunggakan,recipient_source,"enum('siswa','karyawan')",YES,NULL,IDX:tunggakan_records_recipient_source_recipient_id_index,
553,soy_ypik,tunggakan_records,Billing & Tunggakan,recipient_id,char(36),YES,NULL,IDX:tunggakan_records_recipient_source_recipient_id_index,
554,soy_ypik,tunggakan_records,Billing & Tunggakan,match_status,"enum('matched','unmatched','multiple','manual')",NO,'unmatched',IDX:tunggakan_records_blast_status_match_status_index,
555,soy_ypik,tunggakan_records,Billing & Tunggakan,match_notes,text,YES,NULL,,
556,soy_ypik,tunggakan_records,Billing & Tunggakan,blast_status,"enum('draft','queued','sent','failed')",NO,'draft',IDX:tunggakan_records_blast_status_match_status_index,
557,soy_ypik,tunggakan_records,Billing & Tunggakan,blasted_at,timestamp,YES,NULL,,
558,soy_ypik,tunggakan_records,Billing & Tunggakan,last_blast_log_id,bigint(20) UNSIGNED,YES,NULL,IDX; FK -> blast_logs.id,
559,soy_ypik,tunggakan_records,Billing & Tunggakan,raw_payload,longtext,YES,NULL,,
560,soy_ypik,tunggakan_records,Billing & Tunggakan,created_by,char(36),YES,NULL,IDX; FK -> users.id,
561,soy_ypik,tunggakan_records,Billing & Tunggakan,updated_by,char(36),YES,NULL,IDX; FK -> users.id,
562,soy_ypik,tunggakan_records,Billing & Tunggakan,created_at,timestamp,YES,NULL,,
563,soy_ypik,tunggakan_records,Billing & Tunggakan,updated_at,timestamp,YES,NULL,,
564,soy_ypik,users,Auth & User,id,char(36),NO,,PK,
565,soy_ypik,users,Auth & User,name,varchar(255),NO,,,
566,soy_ypik,users,Auth & User,email,varchar(255),NO,,UK,
567,soy_ypik,users,Auth & User,password,varchar(255),NO,,,
568,soy_ypik,users,Auth & User,role,"enum('User','Admin','IT Support','Asset Manager','Finance','Pembina','Blasting','QC')",NO,'User',,
569,soy_ypik,users,Auth & User,remember_token,varchar(100),YES,NULL,,
570,soy_ypik,users,Auth & User,created_at,timestamp,YES,NULL,,
571,soy_ypik,users,Auth & User,updated_at,timestamp,YES,NULL,,
